school_name,state,start_date,end_date,news_link,notes
Academy of Art University,CA,2020-03-11,,https://www.academyart.edu/about-us/completing-your-courses-in-an-emergency/,"Effective Mar. 11, Academy is temporarily moving all our onsite classes online as a preventative measure"
Acton-Boxborough Regional School District,MA,2020-03-13,,https://www.abschools.org/UserFiles/Servers/Server_216027/File/Student%20Services/Health%20&%20Nursing/3-12-2020%20Closure%20Letter%20.pdf,"Acton-Boxborough Regional SD close all Schools starting tomorrow, March 13th"
Adelphi University,NY,2020-03-11,2020-03-22,https://ncc.edu/campusservices/health_services/covid.shtml,
Agnes Scott College,GA,2020-03-23,2020-04-03,https://www.agnesscott.edu/coronavirus/index.html,moving to online classes 
Allegheny College,PA,2020-03-14,2020-03-30,https://sites.allegheny.edu/emergency/important-update-alleghenys-covid-19-plan-march-11-2020/,
American University,DC,2020-03-18,2020-04-03,https://www.american.edu/president/announcements/march-10-2020.cfm,
Amherst College,MA,2020-03-12,,https://www.amherst.edu/news/covid-19/messages-for-the-college-community/node/766550,
Arizona State University,AZ,2020-03-16,2020-05-01,https://eoss.asu.edu/health/announcements/coronavirus,ASU extends Online classes through end of spring semester
Arkansas State University,AR,2020-03-17,,https://www.astate.edu/safety/novel-coronavirus/,"While the university remains open, there will be no classes on Monday, March 16, as final preparations are made to transition to all online class delivery starting Tuesday, March 17, and continuing until the end of the 2020 Spring Semester."
Arkansas Tech University,AR,2020-03-16,2020-04-10,https://www.arkansastechnews.com/in-person-classes-cease-5-p-m-march-13-at-atu/,"Arkansas Tech University is moving all classes online until April 10th at least. no classes (face-to-face or virtual) Monday, March 16, or Tuesday, March 17."
Auburn University,AL,2020-03-16,2020-04-10,https://ocm.auburn.edu/newsroom/news_articles/2020/03/121240-coronavirus-remote-transition.php,"Auburn University will transition from on-campus instruction to remote delivery beginning Monday, March 16 and continue through April 10 in response to concerns about the spread of the coronavirus (COVID-19)."
Babson College,MA,2020-03-13,,https://www.bostonglobe.com/2020/03/10/nation/list-area-colleges-canceling-classes-sending-students-home-due-coronavirus/,
Barnard College,NY,2020-03-08,,https://alert.barnard.edu/news/important-update-covid-19-and-class-cancellations-march-8-2020-staff,
Bates College,ME,2020-03-23,2020-04-17,https://www.bates.edu/covid-19/,"Classes will be suspended during March 16 through March 20. Then, classes will resume on March 23 and continue through April 17 by remote learning. "
Baylor University,TX,2020-03-23,2020-04-03,https://www.baylor.edu/mediacommunications/news.php?action=story&story=217914,
Bellevue College,WA,2020-03-06,,https://www.bellevuecollege.edu/publicsafety/flu/,
Belmont College,OH,2020-03-23,2020-04-03,http://www.belmont.edu/health-services/coronavirus/index.html,
Berea College,KY,2020-03-14,,https://www.berea.edu/covid-19-plan/,
Bergen County Public School District,NJ,2020-03-12,,https://www.nj.com/coronavirus/2020/03/all-75-bergen-county-public-school-districts-closing-moving-to-online-learning-as-coronavirus-grows.html,All 75 Bergen County school districts will close and use online learning
Berklee College of Music,MA,2020-03-23,,https://www.berklee.edu/covid19,
Black Hills State University,SD,2020-03-16,2020-05-08, https://news.sd.gov/newsitem.aspx?id=26563,all public university courses will continue by remote delivery through the remainder of the spring semester. Face-to-face instruction will not resume. The spring 2020 semester is scheduled to end May 8.
Bloomsburg University,PA,2020-03-23,2020-04-06,https://www.bloomu.edu/coronavirus,
Boston College,MA,2020-03-12,,https://www.bcinterruption.com/2020/3/11/21175601/boston-college-cancels-all-in-person-classes-orders-all-students-to-vacate-dormitories-by-march-15,
Boston University,MA,2020-03-16,2020-04-13,http://www.bu.edu/president/letter-to-the-community-on-coronavirus-followup/,
Bowdoin College,ME,2020-03-11,,https://www.bowdoin.edu/covid-19/messages/03-11-2020.html,
Bowie State University,MD,2020-03-14,,https://www.wbaltv.com/article/university-system-of-maryland-schools-to-prepare-for-remote-instruction-following-spring-break/31351840,
Bowling Green State University ,OH,2020-03-24,2020-04-06,https://www.bgsu.edu/coronavirus.html,
Brandeis University,MA,2020-03-16,,https://www.brandeis.edu/health/coronavirus/2020-03-11-covid-19-update-changes-classes-operations.html,"By Monday March 16, all Brandeis classes with more than 100 students will move online."
Brandman University,CA,2020-03-09,,https://www.brandman.edu/news-and-events/news/coronavirus-information,
Bryant University,RI,2020-03-16,2020-03-27,https://www.abc6.com/bryant-university-moves-all-classes-online-amid-covid-19-outbreak/,
Bryn Mawr,PA,2020-03-11,2020-04-03,https://www.brynmawr.edu/healthcenter/coronavirus-information-and-updates,
Bucknell University,PA,2020-03-16,,https://www.bucknell.edu/life-bucknell/health-wellness-safety/coronavirus-covid-19-updates,moving to online classes
Buena Vista University,IA,2020-03-16,2020-03-29,https://www.bvu.edu/bv/health-services/coronavirus,"Buena Vista University will extend its current spring break for students by one week\u2014through Sunday, March 29, 2020. This is effective at 5 p.m. Friday, March 13. Classes will resume Monday, March 30, 2020. "
Butler University,IN,2020-03-16,2020-04-04,https://www.butler.edu/coronavirus-updates,"Butler close its residential housing until at least April 4, a date consistent with our announced move to online learning. I also recommend that students who live in Greek chapter houses or rental properties adjacent to campus return to their permanent residences during this time. Spring Break is extended through Wednesday, March 18 for students (no classes) and all classes will be conducted through virtual instruction from Thursday, March 19 through at least Saturday, April 4."
California Institute of Technology,CA,2020-03-13,,https://www.caltech.edu/coronavirus,Caltech have decided to shift to online teaching for spring quarter.
California Lutheran University,CA,2020-03-16,2020-04-05,https://www.callutheran.edu/emergency/,
California Polytechnic State University,CA,2020-04-06,,https://chw.calpoly.edu/coronavirus,Spring Break has been extended by one week. Spring term classes will begin on April 6. All spring quarter classes will be held virtually for the entirety of the quarter.
"California State Polytechnic University, Pomana",CA,2020-03-13,,https://mustangnews.net/multiple-uc-and-csu-campuses-cancel-classes-amid-coronavirus-concerns/,
"California State University, East Bay",CA,2020-03-16,2020-04-12,https://www.csueastbay.edu/coronavirus-information/index.html,
"California State University, Fullerton",CA,2020-03-25,2020-04-26,http://coronavirus.fullerton.edu/messages/presidents-office-email-to-faculty-staff-and-students-csuf-plan-to-transition-to-virtual-instruction/,
"California State University, Long Beach",CA,2020-03-18,2020-04-20,http://www.csulb.edu/covid-19,
California University of Pennsylvania,PA,2020-03-16,2020-04-13,https://www.calu.edu/coronaplan/index.aspx,
Calvin University,MI,2020-03-16,2020-04-14,https://calvin.edu/offices-services/health-services/coronavirus/,
"Carlifonia Polytechnic Stata University, San Luis Obispo",CA,2020-04-06,2020-04-19,https://chw.calpoly.edu/coronavirus,Spring break has been extended by one week.
Carnegie Mellon University,PA,2020-03-16,,https://www.cmu.edu/leadership/president/campus-comms/2020/2020-03-11.html,
Carthage College,WI,2020-03-23,,,"Carthage will extend our spring break by one week (March 16-20). Beginning Monday, March 23, all undergraduate and graduate classes will resume through remote teaching and learning. "
Cascadia College,WA,2020-03-09,,http://www.cascadia.edu/services/emergency/coronavirus.aspx,
Case western reserve university ,OH,2020-03-18,2020-04-06,https://case.edu/studentlife/healthcounseling/health-serviceshealth-updates/march-10-message-campus-moving-remote-delivery-courses-information-students-living-campus,
Central Connecticut State University,CT,2020-03-13,,https://www.ccsu.edu/coronavirus/,"Central Connecticut State University Closed on 3/12 10:40am, until further notice. Spring break 3/16-3/22. Resume classes online 3/23 until at least 4/5."
Chapman University,CA,2020-03-12,,https://blogs.chapman.edu/public-safety/2020/03/11/march-11-classes-move-online-march-12/,
Cheyney University,PA,2020-03-16,2020-03-23,https://cheyney.edu/novel-coronavirus/,
City College of San Francisco ,CA,2020-03-12,2020-03-30,https://www.ccsf.edu/en/about-city-college/marketing_publications/news---events/ccsf-community-messages.html,
Clemson University,SC,2020-03-23,2020-04-05,https://newsstand.clemson.edu/mediarelations/classes-to-move-online-march-23-until-at-least-march-30-in-response-to-covid-19-outbreak/?utm_source=homepage-feature,Classes to move online March 23 until at least March 30 in response to COVID-19 outbreak
Cleverland State University,OH,,,https://www.csuohio.edu/coronavirus-update/coronavirus-update,Cleverland State University extend Spring Break another week and to shift classes to remote delivery and cancel on-campus classes when classes resume on March 23. We will deliver classes in this way through April 10 with the intent to resume on-campus classes on April 13
Colby College,ME,2020-03-30,,https://www.centralmaine.com/2020/03/12/colby-college-announces-classes-will-end-this-week-students-to-leave-campus/,"Remote courses will begin on Monday, March 30 after the spring break, and continue through the normal schedule of classes and finals."
Colgate University ,NY,2020-03-16,2020-04-19,https://www.syracuse.com/coronavirus/2020/03/coronavirus-colgate-becomes-3rd-cny-university-to-move-to-online-classes.html,
College of William & Mary,VA,2020-03-12,2020-04-03,https://www.wm.edu/news/announcements/2020/informational-health-advisory.php,"Starting March 12, through April 3, interim policies for events and travel. All in-person classes are suspended. Classes will resume online starting Monday, March 23. "
Colorado College,CO,2020-03-18,,https://www.coloradocollege.edu/other/coronavirus/,
Columbia University,NY,2020-03-09,,https://preparedness.columbia.edu/news/update-covid-19-and-spring-term-plans,
Concordia University Irvine,CA,2020-03-13,,https://www.cui.edu/en-us/studentlife/wellness-center/communication-to-cui-community-on-coronavirus-disease-2019-covid19,"Starting Friday, March 13, all face-to-face and hybrid classes are cancelled to allow a smooth and orderly transition to the online format. These classes will resume online on Wednesday, March 18."
Coppin State University,MD,2020-03-14,,https://www.wbaltv.com/article/university-system-of-maryland-schools-to-prepare-for-remote-instruction-following-spring-break/31351840,
Cornell University,NY,2020-03-16,2020-04-05,https://statements.cornell.edu/2020/20200313-5MTe7Z-update-on-classes.cfm,"Effective at 5 p.m. today (March 13), we are suspending all classes on the Ithaca campus for three weeks, irtual instruction will begin for all classes on Monday, April 6."
Cornish University,WA,2020-03-16,2020-03-27,http://www.cornish.edu/novel-coronavirus-covid-19-information-resources/,
Curry College,MA,2020-03-11,,https://www.curry.edu/student-life/health-and-wellness/health-services/coronavirus-(covid-19)-information,
Dakota State University,SD,2020-03-16,2020-05-08, https://news.sd.gov/newsitem.aspx?id=26563,all public university courses will continue by remote delivery through the remainder of the spring semester. Face-to-face instruction will not resume. The spring 2020 semester is scheduled to end May 8.
Dartmouth College,NH,2020-03-30,2020-05-01,https://www.thedartmouth.com/article/2020/03/dartmouth-moves-to-online-classes-for-first-half-of-spring-term,Dartmouth College moved all classes online for the spring term first five weeks of spring term (until May 1).
Davidson college,NC,2020-03-13,,https://www.davidson.edu/alert/covid-19,"All classes are cancelled tomorrow, Friday, March 13, through Tuesday, March 17. "
Denison University ,OH,2020-03-23,,https://denison.edu/campus/covid19/wh/135022,
Depaul University,IL,2020-03-16,,https://resources.depaul.edu/coronavirus-covid-19-updates/Pages/default.aspx,"Depaul university departments and divisions will operate remotely beginning Monday, March 16, 2020. Further information will be shared in the coming week regarding the duration of the teleworking period."
Dickinson College,PA,2020-03-16,2020-03-21,https://www.dickinson.edu//homepage/1380/covid-19_dashboard,Spring break extended until March 21.
Drew University ,NJ,2020-03-11,,http://www.drew.edu/1/emergency-information/coronavirus-disease-2019-covid-19/#3-10,
Duke University,NC,2020-03-10,,https://coronavirus.duke.edu/2020/03/10/community-update-changes-to-spring-break-and-classes-new-travel-restrictions/,
East Stroudsburg University,PA,2020-03-11,2020-03-23,http://quantum.esu.edu/insider/esu-delays-student-return-from-spring-break-for-one-week-to-prepare-for-remote-delivery-of-classes/,
Edinboro University,PA,2020-03-16,2020-04-06,https://www.edinboro.edu/directory/offices-services/ehs/ready/coronavirus,
Emerson College ,MA,2020-03-13,,https://today.emerson.edu/2020/03/10/update-on-covid-19-moving-classes-online/?_ga=2.225502938.1143468528.1584068149-1310907197.1584068149,
Emmanuel College,MA,,2020-03-30,https://www.emmanuel.edu/covid-19/announcements/coronavirus-response-major-update.html,
Emory University,GA,2020-03-09,2020-03-22,https://www.emory.edu/coronavirus/messages/index.html?m=message-all-remote-learning,Spring Break extension and remote learning
Everett Community College,WA,2020-03-09,,http://www.everettcc.edu/administration/cwt-security/security/emergency-management/resources/covid-19-novel-coronavirus,
Farleigh Dickinson University ,NJ,2020-03-16,,https://www.fdu.edu/coronavirus-update/,
Florida Atlantic University,FL,2020-03-16,2020-03-30,http://www.fau.edu/coronavirus/,Remote classes
Florida State University,FL,2020-03-20,,https://news.fsu.edu/news/2020/03/11/fsu-shifts-from-in-person-classes-to-remote-classes-march-23-for-two-weeks/,FSU shifts from in-person classes to remote classes March 23 for two weeks
Fordham University,NY,2020-03-09,,https://www.fordham.edu/coronavirus,
Frostburg State University,MD,2020-03-14,,https://www.wbaltv.com/article/university-system-of-maryland-schools-to-prepare-for-remote-instruction-following-spring-break/31351840,
George Mason University,VA,2020-03-23,2020-04-03,https://www2.gmu.edu/coronavirus,Spring Break extension and remote learning
George Washington University,DC,2020-03-23,,https://campusadvisories.gwu.edu/covid-19-updates-president-leblanc,
Georgetown University,DC,2020-03-16,,https://www.georgetown.edu/coronavirus/,
Georgia Institute of Technology,GA,2020-03-23,,http://health.gatech.edu/coronavirus,"Georgia Tech will be moving all instruction to a distance format after spring break. We will use the week of March 23 as a trial and practice run, and will formally restart classes on March 30."
Gettysburg College,PA,2020-03-11,2020-03-22,https://www.gettysburg.edu/offices/health-counseling-services/coronavirus-information/,
Grinnell College,IA,2020-03-13,,https://www.grinnell.edu/news/important-covid-19-planning-updates,
Hamilton College,NY,2020-03-30,,https://www.hamilton.edu/offices/healthcenter/coronavirus,Hamilton College will shift to online education immediately following spring break.
Harkham Hillel Hebrew Academy,CA,,,https://patch.com/california/beverlyhills/amp/28627895/beverly-hills-jewish-school-closes-amid-coronavirus-concerns,
Harrisburg University,PA,2020-03-16,2020-04-23,https://covid.harrisburgu.edu/,
Harvard University,MA,2020-03-14,,https://www.harvard.edu/covid-19-moving-classes-online-other-updates,
Haverford College,PA,2020-03-16,2020-04-06,https://docs.google.com/document/d/1iVgCKoUCKRnUN1168h32QFbnNIkqeKX9T7HgnH7xtPA/edit,
Helen Carr Castello Elementary School,CA,,,,
Hofstra University ,NY,2020-03-08,,https://www.hofstra.edu/studentaffairs/studentservices/welctr/novel-coronavirus.html,
Indiana University,IN,2020-03-15,2020-04-06,https://news.iu.edu/stories/2020/03/iu/releases/10-suspend-classroom-teaching-for-two-weeks-after-spring-break.html,remote classes after spring break
Iona College,NY,2020-03-09,,https://www.iona.edu/student-life/health-wellness-safety/information-on-coronavirus.aspx,
Iowa State University,IA,2020-03-23,2020-04-03,https://www.news.iastate.edu/news/2020/03/11/onlineclassespostspringbreak,
James Madison University,VA,2020-03-23,2020-04-05,https://www.jmu.edu/news/2020/03/11-covid-19-update.shtml,"JMU will not hold in-person classes the week of March 16. Beginning March 23, most JMU classes will move online until at least April 5. "
John Jay College of Criminal Justice,NY,2020-03-11,,https://www.jjay.cuny.edu/coronavirus-updates,
Johns Hopkins University,MD,2020-03-11,2020-04-12,https://hub.jhu.edu/novel-coronavirus-information/,
Kansas State University,KS,2020-03-23,,https://www.k-state.edu/covid-19/index.html,"K-State is suspending in-person classes the week of March 16-20. Beginning Monday, March 23, classes will be taught remotely \u2014 not in person \u2014 until further notice."
Kean University ,NJ,2020-03-16,,https://www.kean.edu/coronavirus-information#virus,
Kennesaw State University,GA,2020-03-16,,https://coronavirus.kennesaw.edu/,Kennesaw State University will suspend normal operation March 16 and 17 and change to remote learning from March 18.
Kent State University ,OH,2020-03-10,2020-04-13,https://www.kent.edu/coronavirus,
Kenyon College,OH,2020-03-11,2020-03-28,https://blogs.kenyon.edu/campus-report/post/latest-covid-19-update-from-president-decatur/?from=groupmessage&isappinstalled=0,"Kenyon College delays the reopening of student residences until Saturday, 3/28 5 p.m. "
Kutztown University,PA,2020-03-11,2020-03-21,https://www.kutztown.edu/news-and-media/announcements/health-update.html,
Lake Area Technical Institute,SD,2020-03-16,2020-05-08, https://news.sd.gov/newsitem.aspx?id=26563,all public university courses will continue by remote delivery through the remainder of the spring semester. Face-to-face instruction will not resume. The spring 2020 semester is scheduled to end May 8.
Lake Washington Institute of Technology,WA,2020-03-09,2020-04-05,https://www.lwtech.edu/news/coronavirus-covid-19-information-and-resources/,
Lehigh University,PA,2020-03-16,2020-05-13,https://www2.lehigh.edu/news/31220-lehigh-moves-to-remote-learning-for-remainder-of-academic-semester,"Lehigh University conducts classes remotely for the remainder of the semester, effective Mar. 16, 2020"
Lock Haven University,PA,2020-03-11,2020-04-06,http://www.lockhaven.edu/News/COVID-19_03.11.2020.html,
Longwood University ,VA,2020-03-11,2020-03-18,https://www.richmond.com/special-report/coronavirus/updated-in-first-richmond-area-case-hanover-teenager-tests-positive/article_55e267a5-0ff9-5a9d-9b3f-6d1d47a8931b.html,
Lourdes University ,OH,2020-03-16,2020-04-01,https://www.lourdes.edu/campus-life/coronavirus/,
Loyola Marymount University,CA,2020-03-16,2020-03-31,https://www.lmu.edu/coronavirus/communitymessages/messagefromthepresidentonlineinstruction/,moving in-person classes to online \u8fdc\u7a0b\u6388\u8bfe
Loyola Univeristy (MD),MD,2020-03-11,2020-03-31,https://www.loyola.edu/emergency-information,
Loyola university Chicago,IL,2020-03-13,,https://www.luc.edu/coronavirus/,
Macalester College,MN,2020-03-23,,https://www.macalester.edu/healthandwellness/covid-19/,
Manhattan College,NY,2020-03-09,,https://manhattan.edu/coronavirus-updates/index.php,
Mary Washington University,VA,2020-03-16,2020-04-03,https://www.umw.edu/advisories/coronavirus/,"All in-person class meetings will be suspended and instruction will be moving to online and alternate learning options for a three-week period beginning on Monday, March 16, and continuing through Friday, April 3,"
Maryville Univeristy ,MO,2020-03-16,2020-03-30,https://www.maryville.edu/maryville-university-moves-to-virtual-course-platform-for-two-weeks/,
Massachusetts Institute of Technology,MA,2020-03-30,,https://medical.mit.edu/news/2020/01/2019-novel-coronavirus-updates-1,
Miami University,OH,2020-03-11,2020-04-12,https://www.miamioh.edu/coronavirus/,
Michigan State University,MI,2020-03-11,2020-04-20,https://msu.edu/coronavirus/,
Michigan Technological University,MI,2020-03-16,,https://www.mtu.edu/covid-19/,"Michigan Tech suspends face-to-face instruction, effective March 16, 2020"
Middlebury College,VT,2020-03-13,2020-03-29,https://www.middlebury.edu/office/announcements/previous-announcements/covid-19-remote-instruction-and-other-measures,
Millersville University,PA,2020-03-21,,https://www.millersville.edu/coronavirus/,
Minnesota Public Schools,MN,2020-03-18,2020-03-25,https://www.twincities.com/2020/03/15/mn-coronavirus-schools-walz-to-close-all-minnesota-public-schools-for-8-school-days-starting-wednesday-for-covid-19/,"Minnesota Gov. Tim Walz announced Sunday he will close all K-12 public schools statewide, beginning Wednesday, for eight school days, so schools can prepare for potentially longer closures as the coronavirus spreads."
Mitchell Technical Institute,SD,2020-03-16,2020-05-08, https://news.sd.gov/newsitem.aspx?id=26563,all public university courses will continue by remote delivery through the remainder of the spring semester. Face-to-face instruction will not resume. The spring 2020 semester is scheduled to end May 8.
Molloy College,NY,2020-03-11,,https://www.molloy.edu/molloy-life/student-health-and-wellness/coronavirus-information/coronavirus-updates,
Monmouth University,NJ,2020-03-09,,https://www.monmouth.edu/health-services/health-resources-and-referrals/covid-19/march-9-2020-classes-cancelled/,
Montclair State University,NJ,2020-03-23,,https://www.montclair.edu/university-health-center/coronavirus/faqs/,
Montgomery County Public Schools,MD,2020-03-16,2020-03-27,https://www.montgomeryschoolsmd.org/departments/publicinfo/community/school-year-2019-2020/coronavirus-update-20200312.html,"All Montgomery County Public Schools (MCPS) will close beginning Monday, March 16 and will remain closed through Friday, March 27"
Moody Bible Institute,IL,2020-03-16,,https://www.moodybible.org/coronavirus-update/,Chicago campus is asking students to move out by 03.16 and moving classes to online for the rest of the semester. 
Mount Holyoke College,MA,2020-03-13,,https://www.mtholyoke.edu/health/coronavirus,"Spring break will be extended by one week through Sunday, March 29. \u6625\u5047\u5ef6\u957f\uff1b\u4e4b\u540e\u8fdc\u7a0b\u6388\u8bfe"
Mount Saint Mary College,NY,2020-03-12,2020-03-27,https://www.msmc.edu/,
Muhlenberg College,PA,2020-03-18,2020-04-13,https://www.wfmz.com/news/area/lehighvalley/muhlenberg-college-ending-on-campus-classes-amid-coronavirus-concerns/article_a99c5a8c-6338-11ea-afa4-172fa0e33da9.html,
Nassau Community College,NY,2020-03-10,,https://ncc.edu/campusservices/health_services/covid.shtml,
New England Conservatory,MA,2020-03-13,,https://necmusic.edu/health-alert,
New Jersey Institute of Technology,NJ,2020-03-10,,https://www.njit.edu/healthservices/coronavirus,
New York Institute of Technology,NY,2020-03-11,,https://www.nyit.edu/alerts,
New York University,NY,2020-03-11,,https://www.nyu.edu/life/safety-health-wellness/coronavirus-information.html,
Norfolk State University,VA,2020-03-23,2020-04-06,https://www.nsu.edu/Coronavirus,"Classes will be delivered online beginning Monday, March 23, 2020 and will continue to be delivered online through April 6, 2020."
North American University,TX,2020-03-23,,https://www.na.edu/coronavirus/,"NAU has decided to move in-person classes online beginning March 23, 2020."
North Carolina State University,NC,2020-03-16,,https://www.ncsu.edu/coronavirus/extended-spring-break-online-classes-new-travel-restrictions/,
Northeastern University-Boston Campus,MA,2020-03-12,,https://news.northeastern.edu/coronavirus/university-messages/advancing-our-mission-in-a-time-of-uncertainty/,
Northeastern University-San Francisco Campus,CA,2020-03-09,,https://news.northeastern.edu/coronavirus/university-messages/covid-19-planning/,
Northeastern University-Seattle Campus,WA,2020-03-09,,https://news.northeastern.edu/coronavirus/university-messages/covid-19-planning/,
Northern State University,SD,2020-03-16,2020-05-08, https://news.sd.gov/newsitem.aspx?id=26563,all public university courses will continue by remote delivery through the remainder of the spring semester. Face-to-face instruction will not resume. The spring 2020 semester is scheduled to end May 8.
Northwestern University,IL,2020-03-21,2020-04-24,https://www.northwestern.edu/coronavirus-covid-19-updates/,
Oberlin College,OH,2020-03-18,2020-03-25,https://www.morningjournal.com/news/lorain-county/oberlin-college-extends-spring-break-over-coronavirus-concerns/article_1e4ed486-6398-11ea-83a9-f7472194c86e.html,
Oglala Lakota College,SD,2020-03-16,2020-05-08, https://news.sd.gov/newsitem.aspx?id=26563,all public university courses will continue by remote delivery through the remainder of the spring semester. Face-to-face instruction will not resume. The spring 2020 semester is scheduled to end May 8.
Ohio State University,OH,2020-03-10,,https://www.ohio.edu/news/2020/03/president-nellis-provides-critical-update-about-ohios-response-coronavirus,
Ohio University,OH,2020-03-23,,https://www.ohio.edu/alert,
Old Dominion University,VA,2020-03-23,2020-04-06,https://www.odu.edu/emergency/news/2020/2/novel_coronavirus_co,"the University decided to extend spring break for one week, suspend in-person classes and move them online for the immediate future. We plan to resume all classes, online, on Monday, March 23."
Olin College of Engineering,MA,2020-03-20,,http://www.olin.edu/news-events/2020/community-message-olin-president-rick-miller-covid-19-important-updates/,
Pace University,NY,2020-03-11,,https://www.pace.edu/college-health-professions/university-health-care/coronavirus,
Pacific Lutheran University,WA,2020-03-10,2020-03-29,https://www.plu.edu/chws/coronavirus/messages-coronavirus/,
Palo Alto University,CA,2020-03-09,2020-04-05,https://www.paloaltou.edu/all-pau-classes-go-online-monday-march-9-due-covid-19-coronavirus,
Pennsylvania State University System,PA,2020-03-16,2020-04-06,https://news.psu.edu/story/611757/2020/03/11/academics/all-penn-state-classes-take-place-remotely-beginning-march-16,
Pepperdine University,CA,2020-03-13,,https://www.pepperdine.edu/coronavirus/,
Prairie View A&M University,TX,2020-03-11,2020-03-23,http://www.pvamu.edu/wp-content/uploads/2020/03/Classes-to-Resume-March-23.pdf,
Princeton University,NJ,2020-03-14,,https://www.princeton.edu/content/covid-19-coronavirus-information,
Purdue University ,IN,2020-03-23,,https://www.purdue.edu/president/messages/campus-community/2020/2003-coronavirus-update-2.php,
Radford University,VA,2020-03-23,,https://www.radford.edu/content/radfordcore/home/coronavirus/updates/president-message-march-11.html,"We plan to resume all classes, online, on Monday, March 23."
Rensselaer Polytechnic Institute,NY,2020-03-16,2020-05-08,https://info.rpi.edu/coronavirus/communications#COVID19RemoteInstructionExtendedtoEndofSpringSemester2020,
Rice University,TX,2020-03-09,2020-03-22,https://emergency.rice.edu/news/rice-alert-%E2%80%93-classes-canceled-week-march-9,
Rider University ,NJ,2020-03-13,2020-03-27,https://www.rider.edu/coronavirus,
Roger Williams University,RI,2020-03-10,,https://www.abc6.com/uri-moves-to-online-classes-extends-spring-break/,
Rowan University,NJ,2020-03-12,,https://www.rowan.edu/virusinfo/,"As of Tuesday, March 10, the University extended spring break to two weeks (March 16-28) to allow faculty time to convert course material to be delivered remotely (i.e., Webex) beginning March 30. Although we are extending spring break one week, we are not extending the semester."
Rutgers University,NJ,2020-03-12,2020-04-03,https://president.rutgers.edu/public-remarks/letters/important-update-university-operating-status-regarding-covid-19,Rutgers university will cancel all in-person activity including commencement until May
Sacramento State University,CA,2020-03-16,,https://www.csus.edu/alert/coronavirus.html,transitioning to online courses for the rest of the semester \u672c\u5b66\u671f\u63a5\u4e0b\u6765\u7684\u8bfe\u7a0b\u5c06\u5728\u7ebf\u8fdb\u884c
Sacred Heart University,CT,2020-03-11,2020-03-29,https://www.sacredheart.edu/offices--departments-directory/health-services/coronavirus/,
Saint Louis University ,MO,2020-03-23,2020-04-30,https://www.slu.edu/health-advisory/index.php,
Salisbury University,MD,2020-03-14,,https://www.wbaltv.com/article/university-system-of-maryland-schools-to-prepare-for-remote-instruction-following-spring-break/31351840,
San Diego State University ,CA,2020-03-13,,https://sa.sdsu.edu/student-health-services/coronavirus,
San Francisco State University,CA,2020-03-10,2020-04-05,https://news.sfsu.edu/coronavirus,
San Jose State University,CA,2020-03-10,2020-03-27,http://blogs.sjsu.edu/newsroom/2020/updates-on-novel-coronavirus-outbreak/,
Santa Clara University ,CA,2020-03-10,2020-04-13,https://www.scu.edu/covid-19/,
Sarah Lawrence College,NY,2020-03-23,2020-04-03,https://www.sarahlawrence.edu/status/covid/,
Savannah College of Art and Design,GA,2020-03-12,,https://www.savannahnow.com/news/20200312/scad-announces-all-spring-quarter-classes-will-only-be-offered-online-commencement-ceremonies-canceled,"In addition, spring break will be extended by one week, in order to help students who need to make travel arrangements. Spring classes will begin online on Monday, March 30, 2020 for students at all locations, and the spring quarter will be condensed in order to end on the original date, Thursday, May 28. "
School of Visual Arts,NY,2020-03-11,,https://sva.edu/features/message-from-sva-about-covid-19-novel-coronavirus,
Seattle Pacific University ,WA,2020-03-19,2020-06-22,https://spu.edu/administration/health-services/hs-news/2020/COVID-19,
Seattle University,WA,2020-03-09,2020-03-29,https://www.seattleu.edu/coronavirus/,
Seton Hall University ,NJ,2020-03-11,2020-04-13,https://www.shu.edu/health-intervention-communication/coronavirus-faqs.cfm,
Shippensburg University,PA,2020-03-11,2020-03-23,http://www.ship.edu/coronavirus/,
Sisseton Wahpeton College,SD,2020-03-16,2020-05-08, https://news.sd.gov/newsitem.aspx?id=26563,all public university courses will continue by remote delivery through the remainder of the spring semester. Face-to-face instruction will not resume. The spring 2020 semester is scheduled to end May 8.
Skidmore College,NY,2020-03-09,,https://www.skidmore.edu/covid19/messages/2020-03-09-message.php,
Slippery Rock University,PA,2020-03-30,,https://www.sru.edu/news/03112020,
Smith College,MA,2020-03-30,,https://www.smith.edu/student-life/health-wellness/coronavirus,
South Carolina Public Schools,SC,2020-03-16,2020-03-31,https://www.swlexledger.com/single-post/2020/03/15/Governor-orders-al-SC-school-closed-through-the-end-of-the-month,Governor Henry McMaster has ordered that all South Carolina schools be closed through the end of the month.
South Dakota School for the Blind & Visually Impaired,SD,2020-03-25,2020-05-01,https://news.sd.gov/newsitem.aspx?id=26563,"Students attending South Dakota School for the Blind & Visually Impaired will work with teachers remotely through Friday, May 1, consistent with state directives for other K-12 schools."
South Dakota School for the Deaf,SD,2020-03-25,2020-05-01,https://news.sd.gov/newsitem.aspx?id=26563,all public university courses will continue by remote delivery through the remainder of the spring semester. Face-to-face instruction will not resume. The spring 2020 semester is scheduled to end May 8.
South Dakota School of Mines & Technology,SD,2020-03-16,2020-05-08, https://news.sd.gov/newsitem.aspx?id=26563,all public university courses will continue by remote delivery through the remainder of the spring semester. Face-to-face instruction will not resume. The spring 2020 semester is scheduled to end May 8.
South Dakota State University,SD,2020-03-16,2020-05-08, https://news.sd.gov/newsitem.aspx?id=26563,all public university courses will continue by remote delivery through the remainder of the spring semester. Face-to-face instruction will not resume. The spring 2020 semester is scheduled to end May 8.
Southeat Tech - George S. Mickelson Center,SD,2020-03-16,2020-05-08, https://news.sd.gov/newsitem.aspx?id=26563,all public university courses will continue by remote delivery through the remainder of the spring semester. Face-to-face instruction will not resume. The spring 2020 semester is scheduled to end May 8.
Southern California Institute of Architecture,CA,2020-03-13,,https://www.sciarc.edu/news/2020/covid-19-updates-and-resources-for-sci-arc-community,"Beginning Friday, March 13 all SCI-Arc classes (studios and seminars) will be conducted remotely online."
Southern Illinois University,IL,2020-03-23,,https://shc.siu.edu/coronavirus/campus-messages.php?from=groupmessage&isappinstalled=0,
Southern Methodist University,TX,2020-03-23,,https://blog.smu.edu/coronavirus-covid-19/,"SMU to temporarily move classes online after Spring Break, effective Mar. 23, 2020"
St. John\'s University,NY,2020-03-10,,https://www.stjohns.edu/life-st-johns/health-and-wellness/student-health-services/coronavirus-disease-2019-covid-19,
St. John\u2019s College,NM,2020-03-11,,https://www.abqjournal.com/1430224/st-johns-temporarily-moves-to-online-learning.html,"St. John\u2019s College, a private liberal arts college in Santa Fe, has decided to move to online instruction for two weeks after its spring break to limit the potential spread of the coronavirus, the Santa Fe school said Wednesday."
St. Joseph\'s College,NY,2020-03-10,2020-03-15,https://www.sjcny.edu/em,
St. Lawrence University,NY,2020-03-23,2020-04-13,https://www.stlawu.edu/covid-19/important-updates,"St. Lawrence University will move to remote learning after Spring Break, beginning Monday, March 23. And on-campus classes are planned to resume on Monday, April 13."
Stanford University,CA,2020-03-09,2020-03-22,https://healthalerts.stanford.edu/2020/03/06/online-classes-admit-weekend/,
State Univeristy of New York,NY,2020-03-19,,https://www.purchase.edu/live/news/4476-covid-19-update,
State University System of Florida,FL,2020-03-11,,https://www.flbog.edu/2020/03/11/state-university-system-statement-on-covid-19/,
Stevens Institute of Technology,NJ,2020-03-10,,https://www.stevens.edu/directory/student-health-services/health-advisory-update/coronavirus-2019-covid-19-information,
Stevenson University ,MD,2020-03-12,,https://patch.com/maryland/owingsmills/stevenson-university-cancels-person-classes,
Stockton University ,NJ,2020-03-15,2020-04-05,https://stockton.edu/emergency-management/coronavirus.html,
Stony Brook University,NY,2020-03-23,2020-05-20,,
Suffolk Univeristy ,MA,2020-03-18,,https://www.bostonglobe.com/2020/03/10/nation/list-area-colleges-canceling-classes-sending-students-home-due-coronavirus/,
Swarthmore College,PA,2020-03-23,,https://www.swarthmore.edu/coronavirus-disease-2019-covid-19-information,Swarthmore College has closed for the remainder of the semester. Online classes begin on March 23rd.
Syracuse University,NY,2020-03-10,,https://www.syracuse.edu/coronavirus/,
Temple University,PA,2020-03-16,,https://news.temple.edu/announcements/2020-03-12/covid-19-update-information-students,"Temple University\u2019s U.S. campuses are transitioning to online and alternative forms of learning beginning on Monday, March 16."
Texas A&M University,TX,2020-03-16,,https://www.tamu.edu/coronavirus/index.html,
Texas Tech University,TX,2020-03-16,2020-03-27,,
The City University of New York (CUNY),NY,2020-03-19,,https://nypost.com/2020/03/11/suny-and-cuny-cancel-in-person-classes-over-coronavirus-pandemic/,
The College of New Jersey ,NJ,2020-03-23,2020-04-05,https://emergency.tcnj.edu/covid-19/,
The College of Wooster ,OH,2020-03-23,2020-04-06,https://www.wooster.edu/campus/health-safety/corona-virus-info/,
The Juilliard School,NY,2020-03-16,,https://www.juilliard.edu/news/146051/message-president-damian-woetzel-regarding-covid-19,
The New School,NY,2020-03-23,,https://blogs.newschool.edu/community-messages/2020/03/11/coronavirus-covid-19-update-spring-break-and-the-weeks-beyond/,
The State University of New York (SUNY),NY,2020-03-19,,https://nypost.com/2020/03/11/suny-and-cuny-cancel-in-person-classes-over-coronavirus-pandemic/,
The University of South Florida,FL,2020-03-20,,https://www.usf.edu/coronavirus/,"As directed by the Florida Board of Governors, we will begin transitioning all of our classes to remote instruction for two weeks following spring break, March 23 through at least April 5. "
The University of Tampa,FL,2020-03-16,,https://www.ut.edu/campus-life/student-services/dickey-health-and-wellness-center/covid-19-resources-and-updates,"Effective March 16, 2020, all face-to-face instruction has moved online. Students are discouraged to return to campus. Students, who are U.S. citizens and studying abroad in Europe, should return immediately to the U.S. no later than Friday, March 13, at midnight."
The University of Uath,UT,2020-03-18,,https://dps.utah.edu/coronavirus/,"The University of Utah will shift to all-online instruction beginning March 18 for the rest of spring semester. Classes are cancelled Monday and Tuesday, March 16 and 17,"
Thompson Rivers University,Canada,2020-03-16,,https://www.tru.ca/current/wellness/covid-19/updates.html,"Effective Monday, March 16, TRU is temporarily suspending all face-to-face classes, meaning there will be no classes in session. "
Towson University,MD,2020-03-14,,https://www.wbaltv.com/article/university-system-of-maryland-schools-to-prepare-for-remote-instruction-following-spring-break/31351840,
Trinity University,TX,2020-03-16,,https://new.trinity.edu/emergency,
Tufts University,MA,2020-03-25,,https://coronavirus.tufts.edu/,
Tulane University,LA,,,https://tulane.edu/emergency,Tulane University moves to online instruction until the end of the semester
Univeristy of Akron,OH,2020-03-10,2020-04-20,https://www.uakron.edu/healthservices/news/,
University of Alabama in Huntsville,AL,2020-03-16,,https://www.uah.edu/news/news/coronavirus-precaution,"The campus will begin limiting face-to-face operations beginning Monday, March 16."
University of Arizona,AZ,2020-03-18,,https://president.arizona.edu/news/2020/03/delaying-start-classes,
University of Arkansas,AR,2020-03-16,2020-05-07,https://news.uark.edu/articles/52541/in-person-classes-suspended-online-course-delivery-starts-march-16,"University of Arkansas is moving all classes online until the end of the semester, starting on March 16th."
University of Baltimore,MD,2020-03-14,,https://www.wbaltv.com/article/university-system-of-maryland-schools-to-prepare-for-remote-instruction-following-spring-break/31351840,
University of California Berkeley,CA,2020-03-13,2020-05-01,https://news.berkeley.edu/coronavirus/,UC Berkeley Chancellor Carol Christ and Executive Vice Chancellor and Provost Paul Alivisatos have announced Remote instruction has been extended through the end of the semester.
University of California Santa Cruz,CA,2020-03-11,,,"Beginning Wednesday, March 11, lecture courses (including discussion sections) and seminars will be offered through alternative modalities (e.g., Zoom) to reduce face-to-face interactions as much as possible."
"University of California, Davis",CA,2020-03-14,,https://www.ucdavis.edu/coronavirus/news/campus-directives-spring-quarter,"For lectures and discussion sections, instruction will be offered through remote means all spring quarter."
"University of California, Irvine",CA,2020-03-10,2020-06-30,https://ehs.uci.edu/PublicHealth/coronavirus.html,
"University of California, Los Angeles",CA,2020-03-11,2020-06-12,https://www.bso.ucla.edu/update/mar-13-2020-613pm-coronavirus-update-17-executive-vice-chancellor-and-provost-emily-carter,UCLA decided to continue to offer instruction remotely through the end of the spring quarter.
"University of California, Riverside",CA,,2020-04-03,https://ehs.ucr.edu/coronavirus,"Winter Quarter classes continue as scheduled. Winter Quarter final exams will not be held in person. Spring Quarter in-person instruction suspended through April 3, 2020"
"University of California, San Diego",CA,,,https://coronavirus.ucsd.edu,"There will be NO in-person, on-campus, final exams during the Winter Quarter 2020 finals week."
"University of California, Santa Barbara",CA,2020-03-12,2020-04-30,https://www.ucsb.edu/COVID-19-information,
"University of California, Santa Cruz",CA,2020-03-11,,https://www.ucsc.edu/coronavirus/index.html,
University of Chicago,IL,2020-03-30,,https://coronavirusupdates.uchicago.edu/,"The University of Chicago is moving to remote learning for undergraduate and graduate classes for the entire Spring Quarter of 2020, beginning on Monday, March 30, the first day of the Spring Quarter."
University of Cincinnati,OH,2020-03-14,2020-04-13,https://www.uc.edu/publichealth.html,
University of Colorado Denver,CO,2020-03-16,2020-03-30,https://www1.ucdenver.edu/coronavirus,
University of Connecticut,CT,2020-03-23,2020-04-06,https://uconn.edu/public-notification/coronavirus,
University of Delaware,DE,2020-03-23,,http://www1.udel.edu/ocm/html-email/president/2020-coronavirus-03-11-20.html,"Spring Break will be moved up in the calendar and now begin on Saturday, March 14. Classes are scheduled to resume via online format on Monday, March 23, and will continue as such until further notice."
University of Florida,FL,2020-03-09,,http://www.ufl.edu/health-updates/march-9-update/,
University of Houston,TX,2020-03-16,,https://uh.edu/covid-19/index,
University of Illinois at Chicago,IL,2020-03-23,,https://emails.uofi.uillinois.edu/newsletter/7412930.html,University of Chicago clearing campus dorms before 3/22 and shifting to \u201cdistant learning\u201d for spring quarter.
University of Illinois at Springfield,IL,2020-03-23,,https://www.uis.edu/covid-19/message-from-the-u-of-i-system/,
University of Illinois at Urbana-Champaign,IL,2020-03-23,,https://news.uillinois.edu/view/7815/807159,
University of Iowa,IA,2020-03-23,2020-04-03,https://coronavirus.uiowa.edu/news/2020/03/message-ui-community-ui-moving-virtual-instruction-beginning-march-23,
University of Kansas,KS,2020-03-23,,https://coronavirus.ku.edu/,"In-person classes will migrate online and resume March 23, using an online format."
University of Kentucky,KY,2020-03-23,2020-04-03,https://www.uky.edu/coronavirus/,
University of Maryland,MD,2020-03-14,,https://www.wbaltv.com/article/university-system-of-maryland-schools-to-prepare-for-remote-instruction-following-spring-break/31351840,
University of Massachusetts Amherst ,MA,2020-03-23,2020-04-03,https://www.umass.edu/coronavirus/,
University of Massachusetts System,MA,2020-03-16,,https://www.umass.edu/coronavirus/news/covid-19-campus-announcement,
University of Miami,FL,2020-03-12,,https://coronavirus.miami.edu/updates-and-messages/index.html#,"Spring break has been extended through March 22. Classes will resume on March 23, but strictly in online/remote/distance learning environments through at least April 4."
University of Michigan at Ann Arbor,MI,2020-03-12,2020-04-21,https://umich.edu/announcements/  //NOTE: cannot select MI state,
University of Minnesota ,MN,2020-03-18,2020-04-01,https://safe-campus.umn.edu/public-health-alerts,"The University of Minnesota announced Wednesday it\u2019s canceling in-person classes at all five of its campuses, moving to online learning starting next week due to concerns over the coronavirus outbreak."
University of Missisippi,MS,2020-03-16,,https://provost.olemiss.edu/covid-19update/#current-university-status,University of Mississippi cancelling classes week of March 16 and moving classes online starting March 23
University of Missouri,MO,2020-03-16,,https://mualert.missouri.edu/coronavirus/,
University of Missouri System ,MO,2020-03-16,,https://alert.mst.edu/coronavirus-information/,"All courses will be online for the remainder of the semester, effective Monday, March 16."
University of Nebraska Lincoln,NE,2020-03-16,,https://covid19.unl.edu/,
University of Nebraska Omaha,NE,2020-03-30,,https://www.unomaha.edu/news/2020/03/campus-update-on-university-operations.php,
University of Nebraska\u2013Lincoln,NE,2020-03-16,,https://covid19.unl.edu/2019-novel-coronavirus-and-covid-19,
University of New Haven,CT,2020-03-09,,https://www.newhaven.edu/coronavirus-info.php,
University of New Mexico,NM,2020-03-16,2020-04-05,https://news.unm.edu/news/unm-to-extend-spring-break-through-april-5-in-effort-to-reduce-potential-transmission-of-coronavirus,University of New Mexico today announced that it will extend its spring break through April 5 in an effort to reduce potential transmission of the coronavirus
University of North Carolina System,NC,2020-03-11,,https://www.unc.edu/posts/2020/03/11/spring-semester-updates/,
University of Northern Iowa,IA,2020-03-23,2020-04-03,https://prepare.uni.edu/uni-temporarily-shifts-exclusive-online-courses-after-spring-break,
University of Notre Dame,IN,2020-03-17,2020-04-13,https://coronavirus.nd.edu/news/father-jenkins-in-person-classes-suspended-moved-online/,
University of Pennsylvania,PA,2020-03-23,,https://coronavirus.upenn.edu/,
University of Pittsburgh,PA,2020-03-16,2020-04-26,https://www.chancellor.pitt.edu/spotlight/covid-19-pandemic-pitts-actions-0,
University of Puget Sound,WA,2020-03-09,2020-03-22,https://www.pugetsound.edu/student-life/counseling-health-and-wellness/coronavirus-2020/,
University of Richmond,VA,2020-03-23,,https://www.richmond.edu/,The University of Richmond will suspend classes March 16\u201320 to allow our faculty time to prepare for a likely move to remote instruction beginning March 23.
University of Rochester,NY,2020-03-18,,https://www.rochester.edu/coronavirus-update/leadership-message-to-university-of-rochester-community/,
University of San Diego,CA,2020-03-23,,https://www.sandiego.edu/coronavirus/,"on March 12, President Harris announced that the University of San Diego is mandating campus-wide remote teaching effective March 23, 2020, through the end of the spring semester. "
University of South Carolina,SC,2020-03-16,2020-04-03,https://sc.edu/safety/coronavirus/,1 week class cancellation after spring break; then 1 week of remote classes. \u53d6\u6d88\u6625\u5047\u540e1\u4e2a\u793c\u62dc\u8bfe\u7a0b\uff0c\u7136\u540e\u8fdc\u7a0b\u63881\u4e2a\u793c\u62dc
University of South Dakota,SD,2020-03-16,2020-05-08, https://news.sd.gov/newsitem.aspx?id=26563,all public university courses will continue by remote delivery through the remainder of the spring semester. Face-to-face instruction will not resume. The spring 2020 semester is scheduled to end May 8.
University of Southern California,CA,2020-03-11,2020-04-14,https://sites.usc.edu/coronavirus/announcements/3-11-notice-of-extended-period-of-remote-instruction/,
"University of Tennessee, Knoxville",TN,2020-03-16,2020-04-05,https://www.utk.edu/coronavirus,
University of Texas at Arlington,TX,2020-03-23,,https://www.uta.edu/announcements/coronavirus,
University of Texas at Austin,TX,2020-03-11,2020-03-30,https://president.utexas.edu/messages-speeches-2020/changing-spring-break-2020,
University of Texas at Dallas,TX,2020-03-30,,https://www.utdallas.edu/coronavirus/,
University of Texas at San Antonio,TX,2020-03-11,2020-03-23,https://www.utsa.edu/today/2020/03/story/coronavirus-campus-operations-update.html,
University of Toledo,OH,2020-03-16,,https://www.utoledo.edu/coronavirus/,
University of Tulsa ,OK,2020-03-11,,https://utulsa.edu/coronavirus-updates/,
University of Vermont,VT,2020-03-16,,https://www.uvm.edu/uvmnews/news/3/11/20-message-president-garimella-uvm-community-covid-19,
University of Virginia,VA,2020-03-19,2020-04-05,https://www.nbc12.com/2020/03/11/uva-not-holding-classes-grounds-foreseeable-future/?fbclid=IwAR3YUr2_azqKjzwtV26NLjzExt1xqL3IHbM7-IxXgWMqo4Fdrz5mXZmbBH0,
University of Washington,WA,2020-03-09,2020-03-29,https://www.washington.edu/coronavirus/,
University of Wisconsin-La Crosse,WI,2020-03-23,2020-04-10,https://www.uwlax.edu/info/covid-19/,
University of Wisconsin-Madison,WI,2020-03-23,2020-04-10,https://covid19.wisc.edu/,
University of Wisconsin-Milwaukee,WI,2020-03-30,,https://uwm.edu/coronavirus/,
University System of Georgia,GA,2020-03-16,,https://www.usg.edu/coronavirus,"Effective Monday, March 16, 2020, all University System of Georgia institutions will temporarily suspend instruction for two weeks"
Vanderbilt University,TN,2020-03-10,2020-03-30,https://www.vanderbilt.edu/coronavirus/,
Virginia Commonwealth University,VA,2020-03-23,,https://blogs.vcu.edu/covid-19-coronavirus/,"When the semester resumes March 23, classes will be taught remotely for the foreseeable future using digital resources such as Blackboard, videoconferencing, online programs, etc"
Virginia Polytechnic Institute and State University,VA,2020-03-23,2020-04-17,https://vt.edu/flu/2019Coronavirus.html,Virginia Tech extends the spring break and switch all courses to online. 
Wagner College,NY,2020-03-11,,https://wagner.edu/newsroom/coronavirus-facts-resources/,
Wake Forest University,NC,2020-03-11,,,
Washington State University,WA,2020-03-23,,https://wsu.edu/covid-19/2020/03/11/wsu-to-move-in-person-classes-to-online-formats-following-spring-break/,
Washington University in St. Louis,MO,2020-03-15,2020-04-30,https://emergency.wustl.edu/wp-content/uploads/2020/03/March-11-message-from-chancellor.pdf,
Wayne College,MI,2020-03-10,,https://www.uakron.edu/healthservices/news/,
Wentworth Institute of Technology,MA,2020-03-18,,https://wit.edu/covid-19-online-classes,
West Chester University ,PA,2020-03-30,,https://www.wcupa.edu/communications/newsroom/2020/03.11update.aspx,
West Chester University of Pennsylvania,PA,2020-03-14,,https://www.wcupa.edu/communications/newsroom/2020/03.10update.aspx,
West Valley College,CA,2020-03-11,,https://www.westvalley.edu/services/health/coronavirus-advisory.html,
West Virginia schools,WV,2020-03-16,,https://www.wsls.com/news/2020/03/13/west-virginia-schools-to-close-starting-next-week/,All schools in West Virginia will be closed next week.
West Virginia University,WV,2020-03-23,,https://wvutoday.wvu.edu/stories/2020/03/10/wvu-to-temporarily-suspend-in-person-classes-after-spring-break-move-to-online-model,
Western Dakota Tech,SD,2020-03-16,2020-05-08, https://news.sd.gov/newsitem.aspx?id=26563,all public university courses will continue by remote delivery through the remainder of the spring semester. Face-to-face instruction will not resume. The spring 2020 semester is scheduled to end May 8.
Wheaton College,MA,2020-03-23,,https://www.wheaton.edu/life-at-wheaton/student-development-offices/student-health/student-health-services/covid-19/,
Whitman College,WA,2020-03-30,,https://www.whitman.edu/health-center/coronavirus-information/march-12-whitman-moves-to-online-learning-after-spring-break,"We have made the very difficult decision to go to an online learning model at the end of spring break on March 30, 2020 and until further notice.  Classes are canceled tomorrow March, 13, 2020 to allow members of our community to prepare for this change."
Williams College,MA,2020-03-13,,https://www.williams.edu/coronavirus/important-covid-19-update-march-11/,
Worcester Polytechnic Institute,MA,2020-03-25,,https://www.wpi.edu/news/announcements/important-covid-19-update-d-term-delayed-classes-online-travel-cancelled,"D-Term courses will be delivered remotely beginning March 25. There will be at least two weeks of remote delivery, and a decision will be made on the remainder of the term by the end of March."
Xavier Univeristy,OH,2020-03-16,,https://www.xavier.edu/coronavirus/index,
Yale University,CT,2020-03-12,,https://communications.yale.edu/covid-19-information?from=timeline&isappinstalled=0,
Yeshiva University,NY,2020-03-08,,https://www.yu.edu/health-alert,
